SL,ID
1,DADN-S-B-42-3
2,DADN-S-B-42-6
3,DADN-S-B-42-9
4,DADN-S-B-42-12
5,DADN-S-B-42-15
6,DADN-S-B-42-18
7,DADN-S-B-42-21
8,DADN-S-B-42-24
9,DADN-S-B-42-27
10,DADN-S-B-42-30
11,DADN-S-B-42-33
12,DADN-S-B-42-36
13,DADN-S-B-42-39
14,DADN-S-B-42-42
15,DADN-S-B-42-45
16,DADN-S-B-42-48
17,DADN-S-B-42-51
18,DADN-S-B-42-54
19,DADN-S-B-42-57
20,DADN-S-B-42-60
21,DADN-S-B-42-63
22,DADN-S-B-42-66
23,DADN-S-B-42-69
24,DADN-S-B-42-72
25,DADN-S-B-42-75
26,DADN-S-B-42-78
27,DADN-S-B-42-81
28,DADN-S-B-42-84
29,DADN-S-B-42-87
30,DADN-S-B-42-90
31,DADN-S-B-42-93
32,DADN-S-B-42-96
33,DADN-S-B-42-99
34,DADN-S-B-42-102
35,DADN-S-B-42-105
36,DADN-S-B-42-108
37,DADN-S-B-42-111
38,DADN-S-B-42-114
39,DADN-S-B-42-117
40,DADN-S-B-42-120
41,DADN-S-B-42-123
42,DADN-S-B-42-126
43,DADN-S-B-42-129
44,DADN-S-B-42-132
45,DADN-S-B-42-135
46,DADN-S-B-42-138
47,DADN-S-B-42-141
48,DADN-S-B-42-144
49,DADN-S-B-42-147
50,DADN-S-B-42-150
51,DADN-S-B-42-153
52,DADN-S-B-42-156
53,DADN-S-B-42-159
54,DADN-S-B-42-162
55,DADN-S-B-42-165
56,DADN-S-B-42-168
